Date,^HSI,^GSPC,^FTSE,XWD.TO,XEM.TO
2020-01-02,28543.51953125,3257.85009765625,7604.2998046875,54.17257308959961,31.749753952026367
2020-01-03,28451.5,3234.85009765625,7622.39990234375,53.82338333129883,31.220911026000977
2020-01-06,28226.189453125,3246.280029296875,7575.2998046875,53.82338333129883,31.01898956298828
2020-01-07,28322.060546875,3237.179931640625,7573.89990234375,53.89128112792969,31.192068099975586
2020-01-08,28087.919921875,3253.050048828125,7574.89990234375,54.2404670715332,31.38437271118164
2020-01-09,28561.0,3274.699951171875,7598.10009765625,54.67695617675781,31.720911026000977
2020-01-10,28638.19921875,3265.35009765625,7587.89990234375,54.5605583190918,31.817062377929688
2020-01-13,28954.939453125,3288.1298828125,7617.60009765625,54.754547119140625,32.35552215576172
2020-01-14,28885.140625,3283.14990234375,7622.39990234375,54.78364562988281,32.13436508178711
2020-01-15,28773.58984375,3289.2900390625,7642.7998046875,54.77395248413086,31.845903396606445
2020-01-16,28883.0390625,3316.81005859375,7609.7998046875,55.13283920288086,32.04783630371094
2020-01-17,29056.419921875,3329.6201171875,7674.60009765625,55.414127349853516,32.26898193359375
2020-01-20,28795.91015625,,7651.39990234375,55.28803634643555,32.143985748291016
2020-01-21,27985.330078125,3320.7900390625,7610.7001953125,55.2783317565918,31.547834396362305
2020-01-22,28341.0390625,3321.75,7571.89990234375,55.579017639160156,31.884366989135742
2020-01-23,27909.119140625,3325.5400390625,7507.7001953125,55.52082443237305,31.634370803833008
2020-01-24,27949.640625,3295.469970703125,7586.0,55.2104377746582,31.31706428527832
2020-01-29,27160.630859375,3273.39990234375,7483.60009765625,54.96794128417969,30.817066192626953
2020-01-30,26449.130859375,3283.659912109375,7382.0,55.0455436706543,30.26899528503418
2020-01-31,26312.630859375,3225.52001953125,7286.0,54.17257308959961,29.701692581176758
2020-02-03,26356.98046875,3248.919921875,7326.2998046875,54.812747955322266,30.288225173950195
2020-02-04,26675.98046875,3297.590087890625,7439.7998046875,55.55962371826172,31.028606414794922
2020-02-05,26786.740234375,3334.68994140625,7482.5,56.18040084838867,31.24014663696289
2020-02-06,27493.69921875,3345.780029296875,7504.7998046875,56.422889709472656,31.3362979888916
2020-02-07,27404.26953125,3327.7099609375,7466.7001953125,56.06400680541992,30.807456970214844
2020-02-10,27241.33984375,3352.090087890625,7446.89990234375,56.41319274902344,31.057451248168945
2020-02-11,27583.880859375,3357.75,7499.39990234375,56.53929138183594,31.36513900756836
2020-02-12,27823.66015625,3379.449951171875,7534.39990234375,56.68478012084961,31.740140914916992
2020-02-13,27730.0,3373.93994140625,7452.0,56.56838607788086,31.345911026000977
2020-02-14,27815.599609375,3380.159912109375,7409.10009765625,56.51988983154297,31.24014663696289
2020-02-17,27959.599609375,,7433.2998046875,,
2020-02-18,27530.19921875,3370.2900390625,7382.0,56.31619644165039,31.14398765563965
2020-02-19,27655.810546875,3386.14990234375,7457.0,56.48108673095703,31.31706428527832
2020-02-20,27609.16015625,3373.22998046875,7436.60009765625,56.3549919128418,30.8747615814209
2020-02-21,27308.810546875,3337.75,7403.89990234375,55.67601776123047,30.807456970214844
2020-02-24,26820.880859375,3225.889892578125,7156.7998046875,54.04647445678711,29.605539321899414
2020-02-25,26893.23046875,3128.2099609375,7017.89990234375,52.669124603271484,29.41323471069336
2020-02-26,26696.490234375,3116.389892578125,7042.5,52.620628356933594,29.672847747802734
2020-02-27,26778.619140625,2978.760009765625,6796.39990234375,52.10654830932617,29.59592628479004
2020-02-28,26129.9296875,2954.219970703125,6580.60009765625,50.68069839477539,29.134387969970703
2020-03-02,26291.6796875,3090.22998046875,6654.89990234375,51.99985122680664,29.45169448852539
2020-03-03,26284.8203125,3003.3701171875,6718.2001953125,50.99108123779297,29.40361976623535
2020-03-04,26222.0703125,3130.1201171875,6815.60009765625,53.0377082824707,29.961305618286133
2020-03-05,26767.869140625,3023.93994140625,6705.39990234375,51.5633659362793,29.605539321899414
2020-03-06,26146.669921875,2972.3701171875,6462.60009765625,50.612796783447266,28.71131706237793
2020-03-09,25040.4609375,2746.56005859375,5965.7998046875,47.59620666503906,27.499786376953125
2020-03-10,25392.509765625,2882.22998046875,5960.2001953125,49.943519592285156,28.797855377197266
2020-03-11,25231.609375,2741.3798828125,5876.5,47.47981262207031,27.567094802856445
2020-03-12,24309.0703125,2480.639892578125,5237.5,43.1634635925293,24.961345672607422
2020-03-13,24032.91015625,2711.02001953125,5366.10009765625,46.296451568603516,26.682485580444336
2020-03-16,23063.5703125,2386.1298828125,5151.10009765625,41.77641677856445,23.894046783447266
2020-03-17,23263.73046875,2529.18994140625,5294.89990234375,45.05489730834961,25.595956802368164
2020-03-18,22291.8203125,2398.10009765625,5080.60009765625,42.85307312011719,23.86520004272461
2020-03-19,21709.130859375,2409.389892578125,5151.60009765625,43.69694519042969,24.278657913208008
2020-03-20,22805.0703125,2304.919921875,5190.7998046875,41.80551528930664,24.18250274658203
2020-03-23,21696.130859375,2237.39990234375,4993.89990234375,41.107139587402344,23.797893524169922
2020-03-24,22663.490234375,2447.330078125,5446.0,44.76390838623047,25.461341857910156
2020-03-25,23527.189453125,2475.56005859375,5688.2001953125,44.7251091003418,26.153644561767578
2020-03-26,23352.33984375,2630.070068359375,5815.7001953125,46.5777473449707,26.461334228515625
2020-03-27,23484.279296875,2541.469970703125,5510.2998046875,45.00640106201172,24.999807357788086
2020-03-30,23175.109375,2626.64990234375,5563.7001953125,46.78143310546875,25.634416580200195
2020-03-31,23603.48046875,2584.590087890625,5672.0,45.995765686035156,25.672880172729492
2020-04-01,23085.7890625,2470.5,5454.60009765625,44.41471862792969,24.91326904296875
2020-04-02,23280.060546875,2526.89990234375,5480.2001953125,45.277992248535156,25.547880172729492
2020-04-03,23236.109375,2488.64990234375,5415.5,44.35652160644531,25.047883987426758
2020-04-06,23749.119140625,2663.679931640625,5582.39990234375,47.17911911010742,26.278644561767578
2020-04-07,24253.2890625,2659.409912109375,5704.5,46.70384216308594,26.41325569152832
2020-04-08,23970.369140625,2749.97998046875,5677.7001953125,48.12968826293945,26.586332321166992
2020-04-09,24300.330078125,2789.820068359375,5842.7001953125,48.711666107177734,26.595949172973633
2020-04-14,24435.400390625,2846.06005859375,5791.2998046875,49.235450744628906,26.845947265625
2020-04-15,24145.33984375,2783.360107421875,5597.7001953125,48.585567474365234,26.586332321166992
2020-04-16,24006.44921875,2799.550048828125,5628.39990234375,48.91535949707031,26.96133041381836
2020-04-17,24380.0,2874.56005859375,5787.0,49.88532257080078,27.192096710205078
2020-04-20,24330.01953125,2823.159912109375,5812.7998046875,49.468238830566406,27.019020080566406
2020-04-21,23793.55078125,2736.56005859375,5641.0,48.3333740234375,26.41325569152832
2020-04-22,23893.359375,2799.31005859375,5770.60009765625,49.29365158081055,27.124788284301758
2020-04-23,23977.3203125,2797.800048828125,5826.60009765625,48.85716247558594,26.81709861755371
2020-04-24,23831.330078125,2836.739990234375,5752.2001953125,49.55553436279297,26.78825569152832
2020-04-27,24280.140625,2878.47998046875,5846.7998046875,50.09871292114258,27.220943450927734
2020-04-28,24575.9609375,2863.389892578125,5958.5,49.88532257080078,27.30748176574707
2020-04-29,24643.58984375,2939.510009765625,6115.2998046875,50.797096252441406,27.672863006591797
2020-05-04,23613.80078125,2842.739990234375,5753.7998046875,49.6816291809082,26.797868728637695
2020-05-05,23868.66015625,2868.43994140625,5849.39990234375,49.91442108154297,27.08633041381836
2020-05-06,24137.48046875,2848.419921875,5853.7998046875,49.91442108154297,27.1344051361084
2020-05-07,23980.630859375,2881.18994140625,5936.0,49.99201965332031,26.96133041381836
2020-05-08,24230.169921875,2929.800048828125,,50.56430435180664,27.42286491394043
2020-05-11,24602.060546875,2930.18994140625,5939.7001953125,50.94258499145508,27.442096710205078
2020-05-12,24245.6796875,2870.1201171875,5994.7998046875,50.2539176940918,27.64401626586914
2020-05-13,24180.30078125,2820.0,5904.10009765625,49.594337463378906,27.42286491394043
2020-05-14,23829.740234375,2852.5,5741.5,49.56523513793945,27.317096710205078
2020-05-15,23797.470703125,2863.699951171875,5799.7998046875,49.99201965332031,27.172866821289062
2020-05-18,23934.76953125,2953.909912109375,6048.60009765625,,
2020-05-19,24388.130859375,2922.93994140625,6002.2001953125,50.496402740478516,27.730554580688477
2020-05-20,24399.94921875,2971.610107421875,6067.2001953125,51.26267623901367,27.913246154785156
2020-05-21,24280.029296875,2948.510009765625,6015.2998046875,50.99108123779297,27.65363121032715
2020-05-22,22930.140625,2955.449951171875,5993.2998046875,51.15597915649414,27.211326599121094
2020-05-25,22952.240234375,,,51.57306671142578,27.865169525146484
2020-05-26,23384.66015625,2991.77001953125,6067.7998046875,51.33057403564453,27.49017333984375
2020-05-27,23301.359375,3036.1298828125,6144.2998046875,51.941654205322266,27.442096710205078
2020-05-28,23132.759765625,3029.72998046875,6218.7998046875,52.10654830932617,27.461326599121094
2020-05-29,22961.470703125,3044.31005859375,6076.60009765625,52.20354461669922,27.769018173217773
2020-06-01,23732.51953125,3055.72998046875,6166.39990234375,51.9222526550293,27.98055076599121
2020-06-02,23995.939453125,3080.820068359375,6220.10009765625,51.99985122680664,28.56708526611328
2020-06-03,24325.619140625,3122.8701171875,6382.39990234375,53.0377082824707,29.269004821777344
2020-06-04,24366.30078125,3112.35009765625,6341.39990234375,52.843719482421875,28.788240432739258
2020-06-05,24770.41015625,3193.929931640625,6484.2998046875,53.69728469848633,29.40361976623535
2020-06-08,24776.76953125,3232.389892578125,6472.60009765625,54.15317153930664,29.432464599609375
2020-06-09,25057.220703125,3207.179931640625,6335.7001953125,53.813682556152344,29.259389877319336
2020-06-10,25049.73046875,3190.139892578125,6329.10009765625,53.512996673583984,29.51900291442871
2020-06-11,24480.150390625,3002.10009765625,6076.7001953125,51.31117630004883,28.442087173461914
2020-06-12,24301.380859375,3041.31005859375,6105.2001953125,51.97075271606445,28.87477684020996
2020-06-15,23776.94921875,3066.590087890625,6064.7001953125,53.34810256958008,28.68246841430664
2020-06-16,24344.08984375,3124.739990234375,6242.7998046875,52.95041275024414,28.82670021057129
2020-06-17,24481.41015625,3113.489990234375,6253.2998046875,52.98921203613281,29.095928192138672
2020-06-18,24464.939453125,3115.340087890625,6224.10009765625,53.06680679321289,29.16323471069336
2020-06-19,24643.890625,3097.739990234375,6292.60009765625,52.81462097167969,29.201698303222656
2020-06-22,24511.33984375,3117.860107421875,6244.60009765625,52.90191650390625,29.365156173706055
2020-06-23,24907.33984375,3131.2900390625,6320.10009765625,53.25110626220703,29.682462692260742
2020-06-24,24781.580078125,3050.330078125,6123.7001953125,52.099002838134766,29.66797637939453
2020-06-26,24549.990234375,3009.050048828125,6159.2998046875,50.65153121948242,29.300989151000977
2020-06-29,24301.279296875,3053.239990234375,6225.7998046875,52.490203857421875,29.46516990661621
2020-06-30,24427.189453125,3100.2900390625,6169.7001953125,52.646690368652344,29.069210052490234
2020-07-02,25124.189453125,3130.010009765625,6240.39990234375,53.25305938720703,30.179826736450195
2020-07-03,25373.119140625,,6157.2998046875,53.26283645629883,30.459896087646484
2020-07-06,26339.16015625,3179.719970703125,6285.89990234375,53.93767166137695,31.367708206176758
2020-07-07,25975.66015625,3145.320068359375,6189.89990234375,53.575801849365234,31.02003288269043
2020-07-08,26129.1796875,3169.93994140625,6156.2001953125,52.52933120727539,31.522226333618164
2020-07-09,26210.16015625,3152.050048828125,6049.60009765625,53.52690124511719,31.754009246826172
2020-07-10,25727.41015625,3185.0400390625,6095.39990234375,54.0745964050293,31.676748275756836
2020-07-13,25772.119140625,3155.219970703125,6176.2001953125,53.68338394165039,31.522226333618164
2020-07-14,25477.890625,3197.52001953125,6179.7998046875,54.534263610839844,31.444965362548828
2020-07-15,25481.580078125,3226.56005859375,6292.7001953125,54.63206100463867,31.300100326538086
2020-07-16,24970.689453125,3215.570068359375,6250.7001953125,54.61250305175781,30.991060256958008
2020-07-17,25089.169921875,3224.72998046875,6290.2998046875,54.81789016723633,31.13592529296875
2020-07-20,25057.990234375,3251.840087890625,6261.5,55.052616119384766,31.483592987060547
2020-07-21,25635.66015625,3257.300048828125,6269.7001953125,54.808109283447266,31.705718994140625
2020-07-22,25057.939453125,3276.02001953125,6207.10009765625,54.915687561035156,31.309757232666016
2020-07-23,25263.0,3235.659912109375,6211.39990234375,54.30931854248047,31.08763313293457
2020-07-24,24705.330078125,3215.6298828125,6123.7998046875,54.01591110229492,31.193866729736328
2020-07-27,24603.259765625,3239.409912109375,6104.89990234375,54.27997970581055,31.367708206176758
2020-07-28,24772.759765625,3218.43994140625,6129.2998046875,54.025691986083984,31.242155075073242
2020-07-29,24883.140625,3258.43994140625,6131.5,54.504920959472656,31.57050895690918
2020-07-30,24710.58984375,3246.219970703125,5990.0,54.52448272705078,31.28078842163086
2020-07-31,24595.349609375,3271.1201171875,5897.7998046875,54.27019500732422,30.98140525817871
2020-08-03,24458.130859375,3294.610107421875,6032.89990234375,,
2020-08-04,24946.630859375,3306.510009765625,6036.0,54.70052719116211,31.531885147094727
2020-08-05,25102.5390625,3327.77001953125,6104.7001953125,54.87657165527344,31.860240936279297
2020-08-06,24930.580078125,3349.159912109375,6026.89990234375,55.257999420166016,31.937503814697266
2020-08-07,24531.619140625,3351.280029296875,6032.2001953125,55.52206039428711,31.415990829467773
2020-08-10,24377.4296875,3360.469970703125,6050.60009765625,55.53184127807617,31.377365112304688
2020-08-11,24890.6796875,3333.68994140625,6154.2998046875,55.17975616455078,31.377365112304688
2020-08-12,25244.01953125,3380.35009765625,6280.10009765625,55.854583740234375,31.63811492919922
2020-08-13,25230.669921875,3373.429931640625,6185.60009765625,55.55139923095703,31.38701820373535
2020-08-14,25183.009765625,3372.85009765625,6090.0,55.57096481323242,31.522226333618164
2020-08-17,25347.33984375,3381.989990234375,6127.39990234375,55.600303649902344,31.696060180664062
2020-08-18,25367.380859375,3389.780029296875,6076.60009765625,55.55139923095703,31.628459930419922
2020-08-19,25178.91015625,3374.85009765625,6112.0,55.52206039428711,31.39667510986328
2020-08-20,24791.390625,3385.510009765625,6013.2998046875,55.42425537109375,30.85585594177246
2020-08-21,25113.83984375,3397.159912109375,6001.89990234375,55.50250244140625,31.290447235107422
2020-08-24,25551.580078125,3431.280029296875,6104.7001953125,56.25557327270508,31.744348526000977
2020-08-25,25486.220703125,3443.6201171875,6037.0,56.23601531982422,32.01476287841797
2020-08-26,25491.7890625,3478.72998046875,6045.60009765625,56.57831954956055,32.01476287841797
2020-08-27,25281.150390625,3484.550048828125,6000.0,56.41205596923828,31.754009246826172
2020-08-28,25422.060546875,3508.010009765625,5963.60009765625,56.65656280517578,31.95681381225586
2020-08-31,25177.05078125,3500.31005859375,,56.14799499511719,31.145578384399414
2020-09-01,25184.849609375,3526.64990234375,5862.10009765625,56.509857177734375,31.7733211517334
2020-09-02,25120.08984375,3580.840087890625,5941.0,57.13579177856445,31.657428741455078
2020-09-03,25007.599609375,3455.06005859375,5850.89990234375,55.78612518310547,31.251813888549805
2020-09-04,24695.44921875,3426.9599609375,5799.10009765625,55.3068962097168,31.232500076293945
2020-09-07,24589.650390625,,5937.39990234375,,
2020-09-08,24624.33984375,3331.840087890625,5930.2998046875,54.778770446777344,31.03934669494629
2020-09-09,24468.9296875,3398.9599609375,6012.7998046875,55.64920425415039,31.28078842163086
2020-09-10,24313.5390625,3339.18994140625,6003.2998046875,54.827667236328125,30.83654022216797
2020-09-11,24503.310546875,3340.969970703125,6032.10009765625,54.954811096191406,31.145578384399414
2020-09-14,24640.279296875,3383.5400390625,6026.2998046875,55.49272155761719,31.628459930419922
2020-09-15,24732.759765625,3401.199951171875,6105.5,55.8643684387207,31.995447158813477
2020-09-16,24725.630859375,3385.489990234375,6078.5,55.64920425415039,31.82160758972168
2020-09-17,24340.849609375,3357.010009765625,6049.89990234375,55.26777267456055,31.715377807617188
2020-09-18,24455.41015625,3319.469970703125,6007.10009765625,54.85700988769531,31.551197052001953
2020-09-21,23950.689453125,3281.06005859375,5804.2998046875,54.42668151855469,31.377365112304688
2020-09-22,23716.849609375,3315.570068359375,5829.5,54.788543701171875,31.28078842163086
2020-09-23,23742.509765625,3236.919921875,5899.2998046875,54.03547286987305,30.98140525817871
2020-09-24,23311.0703125,3246.590087890625,5822.7998046875,54.055030822753906,30.807565689086914
2020-09-25,23235.419921875,3298.4599609375,5842.7001953125,54.81789016723633,30.875167846679688
2020-09-28,23476.05078125,3351.60009765625,5927.89990234375,55.6198616027832,31.1745548248291
2020-09-29,23275.529296875,3335.469970703125,5897.5,55.53184127807617,31.203527450561523
2020-09-30,23459.05078125,3363.0,5866.10009765625,55.42425537109375,31.473939895629883
2020-10-05,23767.779296875,3408.60009765625,5942.89990234375,56.079532623291016,31.734691619873047
2020-10-06,23980.650390625,3360.969970703125,5949.89990234375,55.46337890625,31.88921546936035
2020-10-07,24242.859375,3419.43994140625,5946.2998046875,56.17733383178711,32.1885986328125
2020-10-08,24193.349609375,3446.830078125,5978.0,56.31425857543945,32.25619888305664
2020-10-09,24119.130859375,3477.139892578125,6016.7001953125,56.470741271972656,32.420379638671875
2020-10-12,24649.6796875,3534.219970703125,6001.39990234375,,
2020-10-14,24667.08984375,3488.669921875,5935.10009765625,56.61743927001953,32.2658576965332
2020-10-15,24158.5390625,3483.340087890625,5832.5,56.58810043334961,32.1982536315918
2020-10-16,24386.7890625,3483.81005859375,5919.60009765625,56.55875778198242,32.2755126953125
2020-10-19,24542.259765625,3426.919921875,5884.7001953125,55.8643684387207,32.14030456542969
2020-10-20,24569.5390625,3443.1201171875,5889.2001953125,55.94260787963867,32.39140319824219
2020-10-21,24754.419921875,3435.56005859375,5776.5,55.83502960205078,32.545928955078125
2020-10-22,24786.130859375,3453.489990234375,5785.7001953125,55.98173141479492,32.48797607421875
2020-10-23,24918.779296875,3465.389892578125,5860.2998046875,56.1284294128418,32.66181564331055
2020-10-27,24787.189453125,3390.679931640625,5729.0,55.052616119384766,32.497642517089844
2020-10-28,24708.80078125,3271.030029296875,5582.7998046875,53.800750732421875,32.005104064941406
2020-10-29,24586.599609375,3310.110107421875,5581.7998046875,54.4853630065918,32.333457946777344
2020-10-30,24107.419921875,3269.9599609375,5577.2998046875,53.51712417602539,31.947158813476562
2020-11-02,24460.009765625,3310.239990234375,5655.0,54.08437728881836,32.14996337890625
2020-11-03,24939.73046875,3369.159912109375,5786.7998046875,54.83744812011719,32.11133575439453
2020-11-04,24886.140625,3443.43994140625,5883.2998046875,55.80569076538086,33.115726470947266
2020-11-05,25695.919921875,3510.449951171875,5906.2001953125,56.55875778198242,33.46339416503906
2020-11-06,25712.970703125,3509.43994140625,5910.0,56.54897689819336,33.60825729370117
2020-11-09,26016.169921875,3550.5,6186.2998046875,57.43897247314453,33.791751861572266
2020-11-10,26301.48046875,3545.530029296875,6296.89990234375,57.703041076660156,33.41510009765625
2020-11-11,26226.98046875,3572.659912109375,6382.10009765625,58.2605094909668,33.637229919433594
2020-11-12,26169.380859375,3537.010009765625,6338.89990234375,57.85952377319336,33.61791229248047
2020-11-13,26156.859375,3585.14990234375,6316.39990234375,58.720176696777344,34.08147430419922
2020-11-16,26381.669921875,3626.909912109375,6421.2998046875,59.05270767211914,34.40983581542969
2020-11-17,26415.08984375,3609.530029296875,6365.2998046875,58.9842414855957,34.35188674926758
2020-11-18,26544.2890625,3567.7900390625,6385.2001953125,58.44633483886719,34.21668243408203
2020-11-19,26356.970703125,3581.8701171875,6334.39990234375,58.583255767822266,34.21668243408203
2020-11-20,26451.5390625,3557.5400390625,6351.5,58.54413604736328,34.3905143737793
2020-11-23,26486.19921875,3577.590087890625,6333.7998046875,58.720176696777344,34.55469512939453
2020-11-24,26588.19921875,3635.409912109375,6432.2001953125,59.2287483215332,34.79612731933594
2020-11-25,26669.75,3629.64990234375,6391.10009765625,59.170066833496094,34.5450325012207
2020-11-26,26819.44921875,,6362.89990234375,59.21896743774414,34.84442138671875
2020-11-27,26894.6796875,3638.35009765625,6367.60009765625,59.45369338989258,34.8927116394043
2020-11-30,26341.490234375,3621.6298828125,6266.2001953125,58.700618743896484,33.984901428222656
2020-12-01,26567.6796875,3662.449951171875,6384.7001953125,59.34610366821289,34.52572250366211
2020-12-02,26532.580078125,3669.010009765625,6463.39990234375,59.34610366821289,34.57400894165039
2020-12-03,26728.5,3666.719970703125,6490.2998046875,59.29720687866211,34.786476135253906
2020-12-04,26835.919921875,3699.1201171875,6550.2001953125,59.18962097167969,34.873390197753906
2020-12-07,26506.849609375,3691.9599609375,6555.39990234375,59.05270767211914,34.85408020019531
2020-12-08,26304.560546875,3702.25,6558.7998046875,59.42435073852539,34.96031188964844
2020-12-09,26502.83984375,3672.820068359375,6564.2998046875,59.18962097167969,34.70921325683594
2020-12-10,26410.58984375,3668.10009765625,6599.7998046875,58.739742279052734,34.94099807739258
2020-12-11,26505.869140625,3663.4599609375,6546.7998046875,58.769081115722656,34.68989562988281
2020-12-14,26389.51953125,3647.489990234375,6531.7998046875,58.48545837402344,34.506404876708984
2020-12-15,26207.2890625,3694.6201171875,6513.2998046875,58.935340881347656,34.72853088378906
2020-12-16,26460.2890625,3701.169921875,6570.89990234375,59.26786804199219,34.99894332885742
2020-12-17,26678.380859375,3722.47998046875,6551.10009765625,59.561275482177734,35.19208908081055
2020-12-18,26498.599609375,3709.409912109375,6529.2001953125,59.61995315551758,35.288665771484375
2020-12-21,26306.6796875,3694.919921875,6416.2998046875,59.47325134277344,34.99894332885742
2020-12-22,26119.25,3687.260009765625,,59.6395149230957,34.85408020019531
2020-12-23,26343.099609375,3690.010009765625,6495.7998046875,59.629730224609375,35.076202392578125
2020-12-24,26386.560546875,3703.06005859375,6502.10009765625,59.580833435058594,34.81544876098633
2020-12-28,26314.630859375,3735.360107421875,,,
2020-12-29,26568.490234375,3727.0400390625,6602.7001953125,60.099185943603516,35.40455627441406
2020-12-30,27147.109375,3732.0400390625,6555.7998046875,59.93827438354492,35.748592376708984
2020-12-31,27231.130859375,3756.070068359375,6460.5,59.908843994140625,35.55366897583008
2021-01-04,27472.810546875,3700.64990234375,6571.89990234375,59.634117126464844,36.01173782348633
2021-01-05,27649.859375,3726.860107421875,6612.2998046875,59.64392852783203,36.55751419067383
2021-01-06,27692.30078125,3748.139892578125,6841.89990234375,60.1148796081543,36.206661224365234
2021-01-07,27548.51953125,3803.7900390625,6857.0,60.733001708984375,36.58675765991211
2021-01-08,27878.220703125,3824.679931640625,6873.2998046875,61.2628173828125,37.62958526611328
2021-01-11,27908.220703125,3799.610107421875,6798.5,61.0764045715332,37.3664436340332
2021-01-12,28276.75,3801.18994140625,6754.10009765625,60.88017272949219,37.53212356567383
2021-01-13,28235.599609375,3809.840087890625,6745.5,60.939048767089844,37.571109771728516
2021-01-14,28496.859375,3795.5400390625,6802.0,60.58583068847656,37.71730041503906
2021-01-15,28573.859375,3768.25,6735.7001953125,60.46809005737305,37.50288391113281
2021-01-18,28862.76953125,,6720.7001953125,60.78206253051758,37.892730712890625
2021-01-19,29642.279296875,3798.909912109375,6713.0,60.96847915649414,38.09739685058594
2021-01-20,29962.470703125,3851.85009765625,6740.39990234375,61.22357940673828,38.5164794921875
2021-01-21,29927.759765625,3853.070068359375,6715.39990234375,61.2333869934082,38.545719146728516
2021-01-22,29447.849609375,3841.469970703125,6695.10009765625,61.409996032714844,38.467750549316406
2021-01-25,30159.009765625,3855.360107421875,6638.89990234375,61.566978454589844,38.82835388183594
2021-01-26,29391.259765625,3849.6201171875,6654.0,61.31188201904297,38.321556091308594
2021-01-27,29297.529296875,3750.77001953125,6567.39990234375,60.2718620300293,37.6588249206543
2021-01-28,28550.76953125,3787.3798828125,6526.2001953125,61.01753616333008,37.94145965576172
2021-01-29,28283.7109375,3714.239990234375,6407.5,59.653743743896484,36.918121337890625
2021-02-01,28892.859375,3773.860107421875,6466.39990234375,60.76243591308594,38.1461296081543
2021-02-02,29248.69921875,3826.31005859375,6516.7001953125,61.2628173828125,38.43851089477539
2021-02-03,29307.4609375,3830.169921875,6507.7998046875,61.29225540161133,38.62368392944336
2021-02-04,29113.5,3871.739990234375,6503.7001953125,61.86132049560547,38.69190979003906
2021-02-05,29288.6796875,3886.830078125,6489.2998046875,61.910377502441406,38.84784698486328
2021-02-08,29319.470703125,3915.590087890625,6523.5,62.30283737182617,38.838096618652344
2021-02-09,29476.189453125,3911.22998046875,6531.60009765625,62.19491195678711,39.13048553466797
2021-02-10,30038.720703125,3909.8798828125,6524.39990234375,62.11642074584961,39.257179260253906
2021-02-11,30173.5703125,3916.3798828125,6528.7001953125,62.27340316772461,39.68600845336914
2021-02-16,30746.66015625,3932.590087890625,6748.89990234375,62.68548583984375,39.773719787597656
2021-02-17,31084.939453125,3931.330078125,6710.89990234375,62.63642883300781,39.84194564819336
2021-02-18,30595.26953125,3913.969970703125,6617.2001953125,62.30283737182617,39.218196868896484
2021-02-19,30644.73046875,3906.7099609375,6624.0,61.95943832397461,39.29616165161133
2021-02-22,30319.830078125,3876.5,6612.2001953125,61.635658264160156,38.19485855102539
2021-02-23,30632.640625,3881.3701171875,6625.89990234375,61.635658264160156,38.20460510253906
2021-02-24,29718.240234375,3925.429931640625,6659.0,61.645469665527344,37.756290435791016
2021-02-25,30074.169921875,3829.340087890625,6652.0,60.86055374145508,37.22024917602539
2021-02-26,28980.2109375,3811.14990234375,6483.39990234375,60.89979553222656,37.025333404541016
2021-03-01,29452.5703125,3901.820068359375,6588.5,61.80245590209961,37.82450866699219
2021-03-02,29095.859375,3870.2900390625,6613.7998046875,61.38056182861328,37.317710876464844
2021-03-03,29880.419921875,3819.719970703125,6675.5,60.831119537353516,37.327457427978516
2021-03-04,29236.7890625,3768.469970703125,6650.89990234375,60.15412521362305,36.51853561401367
2021-03-05,29098.2890625,3841.93994140625,6630.5,61.11565017700195,36.90837478637695
2021-03-08,28540.830078125,3821.35009765625,6719.10009765625,61.05678176879883,35.94351577758789
2021-03-09,28773.23046875,3875.43994140625,6730.2998046875,61.61603546142578,36.674476623535156
2021-03-10,28907.51953125,3898.81005859375,6725.60009765625,61.80245590209961,36.4405632019043
2021-03-11,29385.609375,3939.340087890625,6737.0,61.900569915771484,37.20075988769531
2021-03-12,28739.720703125,3943.340087890625,6761.5,61.723960876464844,36.39183807373047
2021-03-15,28833.759765625,3968.93994140625,6749.7001953125,61.80245590209961,36.508785247802734
2021-03-16,29027.689453125,3962.7099609375,6803.60009765625,61.822078704833984,36.6257438659668
2021-03-17,29034.119140625,3974.1201171875,6762.7001953125,61.900569915771484,36.69396209716797
2021-03-18,29405.720703125,3915.4599609375,6779.7001953125,61.67490768432617,36.235897064208984
2021-03-19,28990.939453125,3913.10009765625,6708.7001953125,61.665096282958984,36.508785247802734
2021-03-22,28885.33984375,3940.590087890625,6726.10009765625,62.00849151611328,36.57701110839844
2021-03-23,28497.380859375,3910.52001953125,6699.2001953125,61.70433807373047,36.050724029541016
2021-03-24,27918.140625,3889.139892578125,6712.89990234375,61.439430236816406,35.2320556640625
2021-03-25,27899.609375,3909.52001953125,6674.7998046875,61.900569915771484,35.475704193115234
2021-03-26,28336.4296875,3974.5400390625,6740.60009765625,62.39113998413086,35.90453338623047
2021-03-29,28338.30078125,3971.090087890625,6736.2001953125,62.68548583984375,36.070213317871094
2021-03-30,28577.5,3958.550048828125,6772.10009765625,62.66586685180664,36.31386184692383
2021-03-31,28378.349609375,3972.889892578125,6713.60009765625,62.39113998413086,36.401580810546875
2021-04-01,28938.740234375,4019.8701171875,6737.2998046875,62.91115188598633,36.60625076293945
2021-04-07,28674.80078125,4079.949951171875,6885.2998046875,64.13758087158203,36.61599349975586
2021-04-08,29008.0703125,4097.169921875,6942.2001953125,64.20626831054688,36.79142379760742
2021-04-09,28698.80078125,4128.7998046875,6915.7998046875,64.29456329345703,36.294376373291016
2021-04-12,28453.279296875,4127.990234375,6889.10009765625,64.4024887084961,36.22615051269531
2021-04-13,28497.25,4141.58984375,6890.5,64.5594711303711,36.31386184692383
2021-04-14,28900.830078125,4124.66015625,6939.60009765625,64.37306213378906,36.41132736206055
2021-04-15,28793.140625,4170.419921875,6983.5,65.04023742675781,36.781681060791016
2021-04-16,28969.7109375,4185.47021484375,7019.5,65.2266616821289,36.840152740478516
2021-04-19,29106.150390625,4163.259765625,7000.10009765625,65.05986022949219,36.71345138549805
2021-04-20,29135.73046875,4134.93994140625,6859.89990234375,64.81456756591797,36.58675765991211
2021-04-21,28621.919921875,4173.419921875,6895.2998046875,64.69683074951172,36.53802490234375
2021-04-22,28755.33984375,4134.97998046875,6938.2001953125,64.42211151123047,36.47955322265625
2021-04-23,29078.75,4180.169921875,6938.60009765625,64.93231201171875,36.90837478637695
2021-04-26,28952.830078125,4187.6201171875,6963.10009765625,64.61834716796875,36.69396209716797
2021-04-27,28941.5390625,4186.72021484375,6945.0,64.59872436523438,36.71345138549805
2021-04-28,29071.33984375,4183.18017578125,6963.7001953125,64.2455062866211,36.723201751708984
2021-04-29,29303.259765625,4211.47021484375,6961.5,64.2455062866211,36.39183807373047
2021-04-30,28724.880859375,4181.169921875,6969.7998046875,63.80399703979492,35.85580062866211
2021-05-03,28357.5390625,4192.66015625,,64.07870483398438,35.83631134033203
2021-05-04,28557.140625,4164.66015625,6923.2001953125,63.54890060424805,35.57316207885742
2021-05-05,28417.98046875,4167.58984375,7039.2998046875,63.754940032958984,35.699867248535156
2021-05-06,28637.4609375,4201.6201171875,7076.2001953125,63.607765197753906,35.592655181884766
2021-05-07,28610.650390625,4232.60009765625,7129.7001953125,64.15721130371094,35.97275161743164
2021-05-10,28595.66015625,4188.43017578125,7123.7001953125,63.333045959472656,35.1638298034668
2021-05-11,28013.810546875,4152.10009765625,6948.0,62.70511245727539,35.076114654541016
2021-05-12,28231.0390625,4063.0400390625,7004.60009765625,61.70433807373047,34.17947769165039
2021-05-13,27718.669921875,4112.5,6963.2998046875,62.508872985839844,34.2574462890625
2021-05-14,28027.5703125,4173.85009765625,7043.60009765625,63.254547119140625,34.80322265625
2021-05-17,28194.08984375,4163.2900390625,7032.89990234375,62.83265686035156,34.54008102416992
2021-05-18,28593.810546875,4127.830078125,7034.2001953125,62.65605163574219,35.05662536621094
2021-05-20,28450.2890625,4159.1201171875,7019.7998046875,62.91115188598633,35.13459396362305
2021-05-21,28458.439453125,4155.85986328125,7018.10009765625,63.05832290649414,34.696014404296875
2021-05-24,28412.259765625,4197.0498046875,7051.60009765625,,
2021-05-25,28910.859375,4188.1298828125,7029.7998046875,63.411537170410156,35.349002838134766
2021-05-26,29166.009765625,4195.990234375,7026.89990234375,63.74512481689453,35.777828216552734
2021-05-27,29113.19921875,4200.8798828125,7019.7001953125,63.54890060424805,35.62189483642578
2021-05-28,29124.41015625,4204.10986328125,7022.60009765625,63.764747619628906,35.97275161743164
2021-05-31,29151.80078125,,,63.43115997314453,36.0897102355957
2021-06-01,29468.0,4202.0400390625,7080.5,63.764747619628906,36.60625076293945
2021-06-02,29297.619140625,4208.1201171875,7108.0,63.7156867980957,36.54777145385742
2021-06-03,28966.029296875,4192.85009765625,7064.39990234375,63.823612213134766,36.323612213134766
2021-06-04,28918.099609375,4229.89013671875,7069.0,64.18663787841797,36.6257438659668
2021-06-07,28787.279296875,4226.52001953125,7077.2001953125,64.26513671875,36.42107391357422
2021-06-08,28781.380859375,4227.259765625,7095.10009765625,64.49079895019531,36.206661224365234
2021-06-09,28742.630859375,4219.5498046875,7081.0,64.30437469482422,36.27488327026367
2021-06-10,28738.880859375,4239.18017578125,7088.2001953125,64.36325073242188,36.46005630493164
2021-06-11,28842.130859375,4247.43994140625,7134.10009765625,64.78514099121094,36.43082046508789
2021-06-15,28638.529296875,4246.58984375,7172.5,65.10891723632812,36.43082046508789
2021-06-16,28436.83984375,4223.7001953125,7185.0,65.10891723632812,36.216407775878906
2021-06-17,28558.58984375,4221.85986328125,7153.39990234375,65.46212768554688,36.71345138549805
2021-06-18,28801.26953125,4166.4501953125,7017.5,65.02061462402344,36.59650421142578
2021-06-21,28489.0,4224.7900390625,7062.2998046875,65.3051528930664,36.55751419067383
2021-06-22,28309.759765625,4246.43994140625,7090.0,65.4425048828125,36.265132904052734
2021-06-23,28817.0703125,4241.83984375,7074.10009765625,65.14816284179688,36.46980285644531
2021-06-24,28882.4609375,4266.490234375,7110.0,65.66427612304688,36.860015869140625
2021-06-25,29288.220703125,4280.7001953125,7136.10009765625,65.72349548339844,37.07516860961914
2021-06-28,29268.30078125,4290.60986328125,7073.0,65.92086029052734,37.25120544433594
2021-06-29,28994.099609375,4291.7998046875,7087.60009765625,66.18730926513672,37.40768814086914
2021-06-30,28827.94921875,4297.5,7037.5,66.12808990478516,37.192527770996094
2021-07-02,28310.419921875,4352.33984375,7123.2998046875,66.42414855957031,36.59596252441406
2021-07-05,28143.5,,7164.89990234375,66.36494445800781,36.400367736816406
2021-07-06,28072.859375,4343.5400390625,7100.89990234375,66.87809753417969,36.34169006347656
2021-07-07,27960.619140625,4358.1298828125,7151.0,67.3221664428711,36.5079460144043
2021-07-08,27153.130859375,4320.81982421875,7030.7001953125,66.85835266113281,35.872257232666016
2021-07-09,27344.5390625,4369.5498046875,7121.89990234375,67.36164855957031,36.243892669677734
2021-07-12,27515.240234375,4384.6298828125,7125.39990234375,67.63795471191406,36.273231506347656
2021-07-13,27963.41015625,4369.2099609375,7124.7001953125,67.67743682861328,36.55684280395508
2021-07-14,27787.4609375,4374.2998046875,7091.2001953125,67.85506439208984,36.61552047729492
2021-07-15,27996.26953125,4360.02978515625,7012.0,67.77611541748047,36.99693298339844
2021-07-16,28004.6796875,4327.16015625,7008.10009765625,67.3912582397461,36.68397903442383
2021-07-19,27489.779296875,4258.490234375,6844.39990234375,67.00637817382812,36.400367736816406
2021-07-20,27259.25,4323.06005859375,6881.10009765625,67.64783477783203,36.47860336303711
2021-07-21,27224.580078125,4358.68994140625,6998.2998046875,67.57874298095703,36.234107971191406
2021-07-22,27723.83984375,4367.47998046875,6968.2998046875,67.68730163574219,36.39058303833008
2021-07-23,27321.98046875,4411.7900390625,7027.60009765625,68.30900573730469,35.852699279785156
2021-07-26,26192.3203125,4422.2998046875,7025.39990234375,68.29913330078125,35.089874267578125
2021-07-27,25086.4296875,4401.4599609375,6996.10009765625,68.13138580322266,34.522647857666016
2021-07-28,25473.880859375,4400.64013671875,7016.60009765625,68.06230163574219,35.26591110229492
2021-07-29,26315.3203125,4419.14990234375,7078.39990234375,68.00308227539062,35.236572265625
2021-07-30,25961.029296875,4395.259765625,7032.2998046875,67.71690368652344,34.9822998046875
2021-08-02,26235.80078125,4387.16015625,7081.7001953125,,
2021-08-03,26194.8203125,4423.14990234375,7105.7001953125,68.54585266113281,35.451725006103516
2021-08-04,26426.55078125,4402.66015625,7123.89990234375,68.45703125,35.73534393310547
2021-08-05,26204.689453125,4429.10009765625,7120.39990234375,68.3978271484375,35.4810676574707
2021-08-06,26179.400390625,4436.52001953125,7123.0,68.78268432617188,35.40283203125
2021-08-09,26283.400390625,4432.35009765625,7132.2998046875,68.90111541748047,35.61798095703125
2021-08-10,26605.619140625,4436.75,7161.0,68.69387817382812,35.432167053222656
2021-08-11,26660.16015625,4442.41015625,7220.10009765625,68.83203125,35.56908416748047
2021-08-12,26517.8203125,4460.830078125,7193.2001953125,69.07874298095703,35.275691986083984
2021-08-13,26391.619140625,4468.0,7218.7001953125,69.19715881347656,35.1583366394043
2021-08-16,26181.4609375,4479.7099609375,7154.0,69.41427612304688,35.03119659423828
2021-08-17,25745.869140625,4448.080078125,7181.10009765625,69.26624298095703,34.522647857666016
2021-08-18,25867.009765625,4400.27001953125,7169.2998046875,69.07874298095703,34.69868469238281
2021-08-19,25316.330078125,4405.7998046875,7058.89990234375,69.74979400634766,34.434627532958984
2021-08-20,24849.720703125,4441.669921875,7087.89990234375,70.10505676269531,34.40528869628906
2021-08-23,25109.58984375,4479.52978515625,7109.0,69.8188705444336,34.50308609008789
2021-08-24,25727.919921875,4486.22998046875,7125.7998046875,69.65110778808594,35.20723342895508
2021-08-25,25693.94921875,4496.18994140625,7150.10009765625,69.74979400634766,35.11921310424805
2021-08-26,25415.689453125,4470.0,7125.0,69.84848022460938,35.011634826660156
2021-08-27,25407.890625,4509.3701171875,7148.0,70.05571746826172,35.344146728515625
2021-08-30,25539.5390625,4528.7900390625,,70.08531951904297,35.42238998413086
2021-08-31,25878.990234375,4522.68017578125,7119.7001953125,70.19387817382812,35.930938720703125
2021-09-01,26028.2890625,4524.08984375,7149.7998046875,70.5096664428711,36.45904541015625
2021-09-02,26090.4296875,4536.9501953125,7163.89990234375,70.23333740234375,35.94071960449219
2021-09-03,25901.990234375,4535.43017578125,7138.39990234375,70.25308227539062,36.09719467163086
2021-09-06,26163.630859375,,7187.2001953125,,
2021-09-07,26353.630859375,4520.02978515625,7149.39990234375,70.7563705444336,36.732879638671875
2021-09-08,26320.9296875,4514.06982421875,7095.5,70.58860778808594,36.30256652832031
2021-09-09,25716.0,4493.27978515625,7024.2001953125,70.36164093017578,36.06785583496094
2021-09-10,26205.91015625,4458.580078125,7029.2001953125,69.97676086425781,36.17543411254883
2021-09-13,25813.810546875,4468.72998046875,7068.39990234375,70.10505676269531,36.17543411254883
2021-09-14,25502.23046875,4443.0498046875,7034.10009765625,69.95703125,35.970054626464844
2021-09-15,25033.2109375,4480.7001953125,7016.5,70.13465881347656,35.79401779174805
2021-09-16,24667.849609375,4473.75,7027.5,70.29255676269531,35.40283203125
2021-09-17,24920.759765625,4432.990234375,6963.60009765625,69.9076919555664,35.55930709838867
2021-09-20,24099.140625,4357.72998046875,6903.89990234375,68.9701919555664,34.8062629699707
2021-09-21,24221.5390625,4354.18994140625,6981.0,69.48334503173828,35.0605354309082
2021-09-23,24510.98046875,4448.97998046875,7078.39990234375,69.73006439208984,35.324588775634766
2021-09-24,24192.16015625,4455.47998046875,7051.5,69.61164093017578,34.9920768737793
2021-09-27,24208.779296875,4443.10986328125,7063.39990234375,69.28598022460938,35.08009338378906
2021-09-28,24500.390625,4352.6298828125,7028.10009765625,68.19058990478516,34.78670120239258
2021-09-29,24663.5,4359.4599609375,7108.2001953125,68.75308227539062,34.561763763427734
2021-09-30,24575.640625,4307.5400390625,7086.39990234375,67.50967407226562,34.649784088134766
2021-10-04,24036.369140625,4300.4599609375,7011.0,66.80901336669922,33.79894256591797
2021-10-05,24104.150390625,4345.72021484375,7077.10009765625,67.43071746826172,34.12167739868164
2021-10-06,23966.490234375,4363.5498046875,6995.89990234375,67.54914855957031,33.974979400634766
2021-10-07,24701.73046875,4399.759765625,7078.0,67.9734878540039,34.59110641479492
2021-10-08,24837.849609375,4391.33984375,7095.60009765625,67.401123046875,34.40528869628906
2021-10-11,25325.08984375,4361.18994140625,7146.89990234375,,
2021-10-12,24962.58984375,4350.64990234375,7130.2001953125,66.79914855957031,34.19013595581055
2021-10-15,25330.9609375,4471.3701171875,7234.0,68.24980163574219,34.93339920043945
2021-10-18,25409.75,4486.4599609375,7203.7998046875,68.36821746826172,34.86494064331055
2021-10-19,25787.2109375,4519.6298828125,7217.5,68.69387817382812,35.275691986083984
2021-10-20,26136.01953125,4536.18994140625,7223.10009765625,68.8221664428711,35.1583366394043
2021-10-21,26017.529296875,4549.77978515625,7190.2998046875,68.9603271484375,35.040977478027344
2021-10-22,26126.9296875,4544.89990234375,7204.60009765625,69.01953887939453,34.89427947998047
2021-10-25,26132.029296875,4566.47998046875,7222.7998046875,69.51295471191406,35.20723342895508
2021-10-26,26038.26953125,4574.7900390625,7277.60009765625,69.59190368652344,35.02141571044922
2021-10-27,25628.740234375,4551.68017578125,7253.2998046875,69.14781951904297,34.66934585571289
2021-10-28,25555.73046875,4596.419921875,7249.5,69.65110778808594,34.561763763427734
2021-10-29,25377.240234375,4605.3798828125,7237.60009765625,69.8188705444336,34.229251861572266
2021-11-01,25154.3203125,4613.669921875,7288.60009765625,70.06558990478516,34.493309020996094
2021-11-02,25099.669921875,4630.64990234375,7274.7998046875,70.37149810791016,34.268375396728516
2021-11-03,25024.75,4660.56982421875,7248.89990234375,70.64781951904297,34.40528869628906
2021-11-04,25225.189453125,4680.06005859375,7279.89990234375,71.5063705444336,34.483524322509766
2021-11-05,24870.509765625,4697.52978515625,7304.0,71.5162353515625,34.434627532958984
2021-11-08,24763.76953125,4701.7001953125,7300.39990234375,71.59518432617188,34.76713943481445
2021-11-09,24813.130859375,4685.25,7274.0,71.36820983886719,34.61066436767578
2021-11-10,24996.140625,4646.7099609375,7340.2001953125,71.0030746459961,34.5715446472168
2021-11-11,25247.990234375,4649.27001953125,7384.2001953125,71.63465881347656,35.490848541259766
2021-11-12,25327.970703125,4682.85009765625,7347.89990234375,71.8912353515625,35.432167053222656
2021-11-15,25390.91015625,4682.7998046875,7351.89990234375,71.83203125,35.28547286987305
2021-11-16,25713.779296875,4700.89990234375,7327.0,72.15767669677734,35.432167053222656
2021-11-17,25650.080078125,4688.669921875,7291.2001953125,72.24649810791016,35.36370849609375
2021-11-18,25319.720703125,4704.5400390625,7256.0,72.33531188964844,34.89427947998047
2021-11-19,25049.970703125,4697.9599609375,7223.60009765625,72.3155746459961,34.9822998046875
2021-11-22,24951.33984375,4682.93994140625,7255.5,72.33531188964844,34.89427947998047
2021-11-23,24651.580078125,4690.7001953125,7266.7001953125,72.25636291503906,34.73780059814453
2021-11-24,24685.5,4701.4599609375,7286.2998046875,72.18728637695312,34.6400032043457
2021-11-25,24740.16015625,,7310.39990234375,72.10833740234375,34.92361831665039
2021-11-26,24080.51953125,4594.6201171875,7044.0,71.11162567138672,33.701141357421875
2021-11-29,23852.240234375,4655.27001953125,7110.0,71.7037353515625,33.87717819213867
2021-11-30,23475.259765625,4567.0,7059.5,70.80571746826172,33.91630172729492
2021-12-01,23658.919921875,4513.0400390625,7168.7001953125,70.25308227539062,34.229251861572266
2021-12-02,23788.9296875,4577.10009765625,7129.2001953125,71.15110778808594,34.65956115722656
2021-12-03,23766.689453125,4538.43017578125,7122.2998046875,70.46031951904297,34.12167739868164
2021-12-06,23349.380859375,4591.669921875,7232.2998046875,71.17083740234375,34.1510124206543
2021-12-07,23983.66015625,4686.75,7339.89990234375,71.98005676269531,34.35639190673828
2021-12-08,23996.869140625,4701.2099609375,7337.39990234375,72.17742156982422,34.5519905090332
2021-12-09,24254.859375,4667.4501953125,7321.2998046875,72.11821746826172,34.473751068115234
2021-12-10,23995.720703125,4712.02001953125,7291.7998046875,72.47346496582031,34.50308609008789
2021-12-13,23954.580078125,4668.97021484375,7231.39990234375,72.34518432617188,34.336830139160156
2021-12-14,23635.94921875,4634.08984375,7218.60009765625,72.0688705444336,34.375953674316406
2021-12-15,23420.759765625,4709.85009765625,7170.7998046875,73.0063705444336,34.1510124206543
2021-12-16,23475.5,4668.669921875,7260.60009765625,72.38465881347656,34.033660888671875
2021-12-17,23192.630859375,4620.64013671875,7269.89990234375,72.14781188964844,34.1510124206543
2021-12-20,22744.859375,4568.02001953125,7198.0,71.80242919921875,33.76960372924805
2021-12-21,22971.330078125,4649.22998046875,7297.39990234375,72.81886291503906,34.24881362915039
2021-12-22,23102.330078125,4696.56005859375,7341.7001953125,72.97676086425781,34.12167739868164
2021-12-23,23193.640625,4725.7900390625,7373.2998046875,73.47018432617188,34.3172721862793
2021-12-24,23223.759765625,,7372.10009765625,73.69715118408203,34.561763763427734
2021-12-28,23280.560546875,4786.35009765625,,,
2021-12-29,23086.5390625,4793.06005859375,7420.7001953125,74.28925323486328,34.17057418823242
2021-12-30,23112.009765625,4778.72998046875,7403.0,73.58045959472656,34.41683578491211
2021-12-31,23397.669921875,4766.18017578125,7384.5,72.86656188964844,34.09907913208008
2022-01-03,23274.75,4796.56005859375,,,
2022-01-04,23289.83984375,4793.5400390625,7505.2001953125,73.7589340209961,34.337398529052734
2022-01-05,22907.25,4700.580078125,7516.89990234375,72.9062271118164,33.89055633544922
2022-01-06,23072.859375,4696.0498046875,7450.39990234375,72.51953887939453,33.96006393432617
2022-01-07,23493.380859375,4677.02978515625,7485.2998046875,71.88496398925781,34.0196418762207
2022-01-10,23746.5390625,4670.2900390625,7445.2998046875,71.84530639648438,34.079219818115234
2022-01-11,23739.060546875,4713.06982421875,7491.39990234375,71.83538818359375,34.605499267578125
2022-01-12,24402.169921875,4726.35009765625,7551.7001953125,71.9345474243164,34.962974548339844
2022-01-13,24429.76953125,4659.02978515625,7563.89990234375,71.08184051513672,34.51613235473633
2022-01-14,24383.3203125,4662.85009765625,7543.0,71.36937713623047,34.605499267578125
2022-01-17,24218.029296875,,7611.2001953125,71.58750915527344,34.377113342285156
2022-01-18,24112.779296875,4577.10986328125,7563.60009765625,69.90193176269531,34.029571533203125
2022-01-19,24127.849609375,4532.759765625,7589.7001953125,69.39625549316406,34.029571533203125
2022-01-20,24952.349609375,4482.72998046875,7585.0,68.82118225097656,34.257957458496094
2022-01-21,24965.55078125,4397.93994140625,7494.10009765625,67.99822235107422,33.93027114868164
2022-01-24,24656.4609375,4410.1298828125,7297.2001953125,68.21635437011719,33.3642692565918
2022-01-25,24243.609375,4356.4501953125,7371.5,67.42314147949219,33.562870025634766
2022-01-26,24289.900390625,4349.93017578125,7469.7998046875,67.49254608154297,33.145816802978516
2022-01-27,23807.0,4326.509765625,7554.2998046875,67.6214370727539,33.006797790527344
2022-01-28,23550.080078125,4431.85009765625,7466.10009765625,68.93024444580078,33.10609817504883
2022-01-31,23802.259765625,4515.5498046875,7464.39990234375,69.4854965209961,34.13880157470703
2022-02-04,24573.2890625,4500.52978515625,7516.39990234375,69.96141815185547,34.24803161621094
2022-02-07,24579.55078125,4483.8701171875,7573.5,69.37642669677734,33.87069320678711
2022-02-08,24329.490234375,4521.5400390625,7567.10009765625,70.08040618896484,34.208309173583984
2022-02-09,24829.990234375,4587.18017578125,7643.39990234375,70.91327667236328,34.704803466796875
2022-02-10,24924.349609375,4504.080078125,7672.39990234375,70.09032440185547,34.64522171020508
2022-02-11,24906.66015625,4418.64013671875,7661.0,68.96990203857422,34.257957458496094
2022-02-14,24556.5703125,4401.669921875,7531.60009765625,68.56338500976562,33.801185607910156
2022-02-15,24355.7109375,4471.06982421875,7608.89990234375,69.654052734375,34.59557342529297
2022-02-16,24718.900390625,4475.009765625,7603.7998046875,69.67388153076172,34.74452209472656
2022-02-17,24792.76953125,4380.259765625,7537.39990234375,68.34525299072266,34.3076057434082
2022-02-18,24327.7109375,4348.8701171875,7513.60009765625,68.21635437011719,34.257957458496094
2022-02-21,24170.0703125,,7484.2998046875,,
2022-02-22,23520.0,4304.759765625,7494.2001953125,67.42314147949219,33.63237762451172
2022-02-23,23660.279296875,4225.5,7498.2001953125,66.39196014404297,33.25504684448242
2022-02-24,22901.560546875,4288.7001953125,7207.0,67.11577606201172,32.74862289428711
2022-02-25,22767.1796875,4384.64990234375,7489.5,67.9883041381836,32.97700881958008
2022-02-28,22713.01953125,4373.93994140625,7458.2998046875,67.53221130371094,32.67911148071289
2022-03-01,22761.7109375,4306.259765625,7330.2001953125,66.54068756103516,32.21240997314453
2022-03-02,22343.919921875,4386.5400390625,7429.60009765625,67.25458526611328,32.12303924560547
2022-03-03,22467.33984375,4363.490234375,7238.89990234375,66.7389907836914,31.755638122558594
2022-03-04,21905.2890625,4328.8701171875,6987.10009765625,66.29280853271484,31.209497451782227
2022-03-07,21057.630859375,4201.08984375,6959.5,64.74604797363281,30.26616096496582
2022-03-08,20765.869140625,4170.7001953125,6964.10009765625,64.94435119628906,30.57398796081543
2022-03-09,20627.7109375,4277.8798828125,7190.7001953125,66.46136474609375,31.22935676574707
2022-03-10,20890.259765625,4259.52001953125,7099.10009765625,65.83671569824219,30.49454689025879
2022-03-11,20553.7890625,4204.31005859375,7155.60009765625,64.88485717773438,29.84910774230957
2022-03-14,19531.66015625,4173.10986328125,7193.5,65.13273620605469,29.29303741455078
2022-03-15,18415.080078125,4262.4501953125,7175.7001953125,65.96560668945312,29.223527908325195
2022-03-16,20087.5,4357.85986328125,7291.7001953125,67.26449584960938,31.437883377075195
2022-03-17,21501.23046875,4411.669921875,7385.2998046875,67.69084930419922,31.00096893310547
2022-03-18,21412.400390625,4463.1201171875,7404.7001953125,68.17669677734375,31.46767234802246
2022-03-21,21221.33984375,4461.18017578125,7442.39990234375,67.94864654541016,31.04068946838379
2022-03-22,21889.279296875,4511.60986328125,7476.7001953125,68.75177001953125,31.46767234802246
2022-03-23,22154.080078125,4456.240234375,7460.60009765625,67.95855712890625,31.259145736694336
2022-03-24,21945.94921875,4520.16015625,7467.39990234375,68.52372741699219,31.41802215576172
2022-03-25,21404.880859375,4543.06005859375,7483.39990234375,68.45431518554688,30.881811141967773
2022-03-28,21684.970703125,4575.52001953125,7473.10009765625,68.96990203857422,31.13998794555664
2022-03-29,21927.630859375,4631.60009765625,7537.2998046875,69.90193176269531,31.586830139160156
2022-03-30,22232.029296875,4602.4501953125,7578.7998046875,69.28718566894531,31.477602005004883
2022-03-31,21996.849609375,4530.41015625,7515.7001953125,68.52372741699219,31.10026741027832
2022-04-01,22039.55078125,4545.85986328125,7537.89990234375,68.84101104736328,31.586830139160156
2022-04-04,22502.310546875,4582.64013671875,7558.89990234375,69.168212890625,32.07339096069336
2022-04-06,22080.51953125,4481.14990234375,7587.7001953125,67.8990707397461,31.23928451538086
2022-04-07,21808.98046875,4500.2099609375,7551.7998046875,68.41465759277344,31.149917602539062
2022-04-08,21872.009765625,4488.27978515625,7669.60009765625,68.24610137939453,31.070480346679688
2022-04-11,21208.30078125,4412.52978515625,7618.2998046875,67.56195068359375,30.941390991210938
2022-04-12,21319.130859375,4397.4501953125,7576.7001953125,67.24466705322266,31.01089859008789
2022-04-13,21374.369140625,4446.58984375,7580.7998046875,67.581787109375,30.981111526489258
2022-04-14,21518.080078125,4392.58984375,7616.39990234375,67.1950912475586,30.732864379882812
2022-04-19,21027.759765625,4462.2099609375,7601.2998046875,68.00813293457031,30.365459442138672
2022-04-20,20944.669921875,4459.4501953125,7629.2001953125,67.452880859375,30.007984161376953
2022-04-21,20682.220703125,4393.66015625,7628.0,66.91746520996094,29.581003189086914
2022-04-22,20638.51953125,4271.77978515625,7521.7001953125,66.10442352294922,29.720020294189453
2022-04-25,19869.33984375,4296.1201171875,7380.5,66.173828125,29.352615356445312
2022-04-26,19934.7109375,4175.2001953125,7386.2001953125,64.89476776123047,29.094438552856445
2022-04-27,19946.359375,4183.9599609375,7425.60009765625,64.96417236328125,29.362545013427734
2022-04-28,20276.169921875,4287.5,7509.2001953125,66.2531509399414,29.70016098022461
2022-04-29,21089.390625,4131.93017578125,7544.60009765625,64.56757354736328,30.11721420288086
2022-05-03,21101.890625,4175.47998046875,7561.2998046875,65.1525650024414,30.08742332458496
2022-05-04,20869.51953125,4300.169921875,7493.5,66.4911117553711,30.057634353637695
2022-05-05,20793.400390625,4146.8701171875,7503.2998046875,64.57748413085938,29.29303741455078
2022-05-06,20001.9609375,4123.33984375,7387.89990234375,64.34944152832031,29.01500129699707
2022-05-10,19633.689453125,4001.050048828125,7243.2001953125,63.19927978515625,28.617807388305664
2022-05-11,19824.5703125,3935.179931640625,7347.7001953125,62.21767807006836,28.359630584716797
2022-05-12,19380.33984375,3930.080078125,7233.2998046875,62.376319885253906,28.240474700927734
2022-05-13,19898.76953125,4023.889892578125,7418.2001953125,63.33809280395508,28.687314987182617
2022-05-16,19950.2109375,4008.010009765625,7464.7998046875,62.83241653442383,28.488719940185547
2022-05-17,20602.51953125,4088.85009765625,7518.39990234375,63.84376525878906,29.144088745117188
2022-05-18,20644.279296875,3923.679931640625,7438.10009765625,61.84090042114258,28.578088760375977
2022-05-19,20120.6796875,3900.7900390625,7302.7001953125,61.612850189208984,28.866052627563477
2022-05-20,20717.240234375,3901.360107421875,7390.0,61.8508186340332,29.044790267944336
2022-05-23,20470.060546875,3973.75,7513.39990234375,,
2022-05-24,20112.099609375,3941.47998046875,7484.39990234375,62.435813903808594,28.677385330200195
2022-05-25,20171.26953125,3978.72998046875,7522.7998046875,62.87207794189453,28.836265563964844
2022-05-26,20116.19921875,4057.840087890625,7564.89990234375,63.80410385131836,29.233457565307617
2022-05-27,20697.359375,4158.240234375,7585.5,64.8154525756836,29.402265548706055
2022-05-30,21123.9296875,,7600.10009765625,64.70638275146484,29.83917808532715
2022-05-31,21415.19921875,4132.14990234375,7607.7001953125,64.1015625,29.70016098022461
2022-06-01,21294.939453125,4101.22998046875,7533.0,63.60580062866211,29.491634368896484
2022-06-02,21082.130859375,4176.81982421875,,64.25028991699219,29.739879608154297
2022-06-06,21653.900390625,4121.43017578125,7608.2001953125,63.615718841552734,29.461843490600586
2022-06-07,21531.669921875,4160.68017578125,7598.89990234375,63.83384704589844,29.441984176635742
2022-06-08,22014.58984375,4115.77001953125,7593.0,63.298431396484375,29.600860595703125
2022-06-09,21869.05078125,4017.820068359375,7476.2001953125,62.42589569091797,29.25331687927246
2022-06-10,21806.1796875,3900.860107421875,7317.5,61.09726333618164,29.193737030029297
2022-06-13,21067.580078125,3749.6298828125,7205.7998046875,59.31253433227539,28.399351119995117
2022-06-14,21067.990234375,3735.47998046875,7187.5,59.36210632324219,28.91570281982422
2022-06-15,21308.2109375,3789.989990234375,7273.39990234375,59.98676300048828,29.154020309448242
2022-06-16,20845.4296875,3666.77001953125,7045.0,58.27144241333008,28.270261764526367
2022-06-17,21075.0,3674.840087890625,7016.2998046875,58.816776275634766,28.816404342651367
2022-06-20,21163.91015625,,7121.7998046875,59.114227294921875,28.568159103393555
2022-06-21,21559.58984375,3764.7900390625,7152.10009765625,59.67939376831055,28.866052627563477
2022-06-22,21008.33984375,3759.889892578125,7089.2001953125,59.54058074951172,28.41921043395996
2022-06-23,21273.869140625,3795.72998046875,7020.5,60.07600021362305,28.448999404907227
2022-06-24,21719.060546875,3911.739990234375,7208.7998046875,61.22999954223633,28.950000762939453
2022-06-27,22229.51953125,3900.110107421875,7258.2998046875,61.25,29.059999465942383
2022-06-28,22418.970703125,3821.550048828125,7323.39990234375,60.290000915527344,28.8700008392334
2022-06-29,21996.890625,3818.830078125,7312.2998046875,60.209999084472656,28.809999465942383
2022-06-30,21859.7890625,3785.3798828125,7169.2998046875,59.630001068115234,28.579999923706055
2022-07-04,21830.349609375,,7232.7001953125,59.97999954223633,28.700000762939453
2022-07-05,21853.0703125,3831.389892578125,7025.5,60.52000045776367,28.489999771118164
2022-07-06,21586.66015625,3845.080078125,7107.7998046875,60.90999984741211,28.43000030517578
2022-07-07,21643.580078125,3902.6201171875,7189.10009765625,61.369998931884766,28.860000610351562
2022-07-08,21725.779296875,3899.3798828125,7196.2001953125,61.220001220703125,28.780000686645508
2022-07-11,21124.19921875,3854.429931640625,7196.60009765625,60.66999816894531,28.110000610351562
2022-07-12,20844.740234375,3818.800048828125,7209.89990234375,60.209999084472656,28.079999923706055
2022-07-13,20797.94921875,3801.780029296875,7156.39990234375,60.11000061035156,27.8700008392334
2022-07-14,20751.2109375,3790.3798828125,7039.7998046875,60.099998474121094,27.899999618530273
2022-07-15,20297.720703125,3863.159912109375,7159.0,60.790000915527344,27.899999618530273
2022-07-18,20846.1796875,3830.85009765625,7223.2001953125,60.369998931884766,28.010000228881836
2022-07-19,20661.060546875,3936.68994140625,7296.2998046875,61.459999084472656,28.18000030517578
2022-07-20,20890.220703125,3959.89990234375,7264.2998046875,61.68000030517578,28.09000015258789
2022-07-21,20574.630859375,3998.949951171875,7270.5,62.119998931884766,28.15999984741211
2022-07-22,20609.140625,3961.6298828125,7276.39990234375,62.0,28.200000762939453
2022-07-25,20562.939453125,3966.840087890625,7306.2998046875,61.83000183105469,28.149999618530273
2022-07-26,20905.880859375,3921.050048828125,7306.2998046875,61.36000061035156,28.049999237060547
2022-07-27,20670.0390625,4023.610107421875,7348.2001953125,62.5,28.3799991607666
2022-07-28,20622.6796875,4072.429931640625,7345.2998046875,63.20000076293945,28.520000457763672
2022-07-29,20156.509765625,4130.2900390625,7423.39990234375,64.0199966430664,28.290000915527344
2022-08-01,20165.83984375,4118.6298828125,7413.39990234375,,
2022-08-02,19689.2109375,4091.18994140625,7409.10009765625,63.68000030517578,28.170000076293945
2022-08-03,19767.08984375,4155.169921875,7445.7001953125,64.37999725341797,28.290000915527344
2022-08-04,20174.0390625,4151.93994140625,7448.10009765625,64.37999725341797,28.559999465942383
2022-08-05,20201.939453125,4145.18994140625,7439.7001953125,64.37999725341797,28.520000457763672
2022-08-08,20045.76953125,4140.06005859375,7482.39990234375,64.19000244140625,28.559999465942383
2022-08-09,20003.439453125,4122.47021484375,7488.2001953125,64.06999969482422,28.56999969482422
2022-08-10,19610.83984375,4210.240234375,7507.10009765625,64.87000274658203,28.649999618530273
2022-08-11,20082.4296875,4207.27001953125,7465.89990234375,64.87000274658203,28.809999465942383
2022-08-12,20175.619140625,4280.14990234375,7500.89990234375,65.79000091552734,29.030000686645508
2022-08-15,20040.859375,4297.14013671875,7509.2001953125,66.55000305175781,29.219999313354492
2022-08-16,19830.51953125,4305.2001953125,7536.10009765625,66.2300033569336,29.1299991607666
2022-08-17,19922.44921875,4274.0400390625,7515.7998046875,66.19000244140625,28.989999771118164
2022-08-18,19763.91015625,4283.740234375,7541.89990234375,66.31999969482422,28.989999771118164
2022-08-19,19773.029296875,4228.47998046875,7550.39990234375,65.77999877929688,28.739999771118164
2022-08-22,19656.98046875,4137.990234375,7533.7998046875,64.7300033569336,28.6299991607666
2022-08-23,19503.25,4128.72998046875,7488.10009765625,64.2300033569336,28.520000457763672
2022-08-24,19268.740234375,4140.77001953125,7471.5,64.41000366210938,28.600000381469727
2022-08-25,19968.380859375,4199.1201171875,7479.7001953125,65.05999755859375,29.040000915527344
2022-08-26,20170.0390625,4057.659912109375,7427.2998046875,63.63999938964844,28.90999984741211
2022-08-29,20023.220703125,4030.610107421875,,63.209999084472656,28.729999542236328
2022-08-30,19949.029296875,3986.159912109375,7361.60009765625,62.959999084472656,28.549999237060547
2022-08-31,19954.390625,3955.0,7284.2001953125,62.619998931884766,28.719999313354492
2022-09-01,19597.310546875,3966.85009765625,7148.5,62.439998626708984,28.3799991607666
2022-09-02,19452.08984375,3924.260009765625,7281.2001953125,61.93000030517578,28.209999084472656
2022-09-05,19225.69921875,,7287.39990234375,,
2022-09-06,19202.73046875,3908.18994140625,7300.39990234375,61.689998626708984,27.920000076293945
2022-09-07,19044.30078125,3979.8701171875,7237.7998046875,62.52000045776367,28.010000228881836
2022-09-08,18854.619140625,4006.179931640625,7262.10009765625,62.56999969482422,27.81999969482422
2022-09-09,19362.25,4067.360107421875,7351.10009765625,63.56999969482422,28.139999389648438
2022-09-13,19326.859375,3932.68994140625,7385.89990234375,62.380001068115234,28.1200008392334
2022-09-14,18847.099609375,3946.010009765625,7277.2998046875,62.56999969482422,28.1299991607666
2022-09-15,18930.380859375,3901.35009765625,7282.10009765625,62.310001373291016,27.989999771118164
2022-09-16,18761.689453125,3873.330078125,7236.7001953125,61.93000030517578,27.790000915527344
2022-09-19,18565.970703125,3899.889892578125,,62.27000045776367,27.75
2022-09-20,18781.419921875,3855.929931640625,7192.7001953125,62.13999938964844,27.850000381469727
2022-09-21,18444.619140625,3789.929931640625,7237.60009765625,61.380001068115234,27.860000610351562
2022-09-22,18147.94921875,3757.989990234375,7159.5,61.459999084472656,27.670000076293945
2022-09-23,17933.26953125,3693.22998046875,7018.60009765625,60.209999084472656,27.110000610351562
2022-09-26,17855.140625,3655.0400390625,7021.0,60.369998931884766,27.100000381469727
2022-09-27,17860.310546875,3647.2900390625,6984.60009765625,59.93000030517578,26.979999542236328
2022-09-28,17250.880859375,3719.0400390625,7005.39990234375,60.849998474121094,27.06999969482422
2022-09-29,17165.869140625,3640.469970703125,6881.60009765625,59.880001068115234,26.540000915527344
2022-09-30,17222.830078125,3585.6201171875,6893.7998046875,59.86000061035156,26.600000381469727
2022-10-03,17079.509765625,3678.429931640625,6908.7998046875,60.439998626708984,26.799999237060547
2022-10-05,18087.970703125,3783.280029296875,7052.60009765625,61.959999084472656,27.6299991607666
2022-10-06,18012.150390625,3744.52001953125,6997.2998046875,62.150001525878906,27.799999237060547
2022-10-07,17740.05078125,3639.659912109375,6991.10009765625,60.220001220703125,27.170000076293945
2022-10-10,17216.66015625,3612.389892578125,6959.2998046875,,
2022-10-11,16832.359375,3588.840087890625,6885.2001953125,59.61000061035156,26.43000030517578
2022-10-12,16701.029296875,3577.030029296875,6826.2001953125,59.61000061035156,26.530000686645508
2022-10-13,16389.109375,3669.909912109375,6850.2998046875,60.7599983215332,26.530000686645508
2022-10-14,16587.689453125,3583.070068359375,6858.7998046875,59.97999954223633,26.350000381469727
2022-10-17,16612.900390625,3677.949951171875,6920.2001953125,60.81999969482422,26.75
2022-10-18,16914.580078125,3719.97998046875,6936.7001953125,61.5099983215332,26.719999313354492
2022-10-19,16511.279296875,3695.159912109375,6925.0,61.15999984741211,26.309999465942383
2022-10-20,16280.2197265625,3665.780029296875,6943.89990234375,60.81999969482422,26.579999923706055
2022-10-21,16211.1201171875,3752.75,6969.7001953125,61.54999923706055,26.610000610351562
2022-10-24,15180.6904296875,3797.340087890625,7014.0,62.5099983215332,25.790000915527344
2022-10-25,15165.58984375,3859.110107421875,7013.5,62.97999954223633,25.81999969482422
2022-10-26,15317.669921875,3830.60009765625,7056.10009765625,62.720001220703125,26.200000762939453
2022-10-27,15427.9404296875,3807.300048828125,7073.7001953125,62.36000061035156,25.959999084472656
2022-10-28,14863.0595703125,3901.06005859375,7047.7001953125,63.689998626708984,25.829999923706055
2022-10-31,14687.01953125,3871.97998046875,7094.5,63.27000045776367,25.84000015258789
